Indicator,Type,Description,Reference
5a1c6ae9e2633df29c01a2668538e0203de375b2,CERT SHA1,,http://401trg.pw/burning-umbrella
5tua.com,DOMAIN,,http://401trg.pw/burning-umbrella
862283496@qq.com,DOMAIN,,http://401trg.pw/burning-umbrella
aboluewang.com,DOMAIN,,http://401trg.pw/burning-umbrella
airsportschina.net,DOMAIN,,http://401trg.pw/burning-umbrella
bafangqudao.com,DOMAIN,,http://401trg.pw/burning-umbrella
chongzhonglaw.com,DOMAIN,,http://401trg.pw/burning-umbrella
duoxiantong.com,DOMAIN,,http://401trg.pw/burning-umbrella
find-iphone-icloudcn.com,DOMAIN,,http://401trg.pw/burning-umbrella
find-iphone-icloudids.com,DOMAIN,,http://401trg.pw/burning-umbrella
find-iphone-iclouds.com,DOMAIN,,http://401trg.pw/burning-umbrella
find-iphone-icloudss.com,DOMAIN,,http://401trg.pw/burning-umbrella
find-iphone-idicloud.com,DOMAIN,,http://401trg.pw/burning-umbrella
find-iphone7-icloud.com,DOMAIN,,http://401trg.pw/burning-umbrella
find-iphoneid-itunes.com,DOMAIN,,http://401trg.pw/burning-umbrella
freesss.net,DOMAIN,,http://401trg.pw/burning-umbrella
gistal.com,DOMAIN,,http://401trg.pw/burning-umbrella
guizuidc.com,DOMAIN,,http://401trg.pw/burning-umbrella
huanjue123.zs.guizuidc.com,DOMAIN,,http://401trg.pw/burning-umbrella
kuaiwenwang.com,DOMAIN,,http://401trg.pw/burning-umbrella
laoa8.com,DOMAIN,,http://401trg.pw/burning-umbrella
lycostal.com,DOMAIN,,http://401trg.pw/burning-umbrella
mail.gistal.com,DOMAIN,,http://401trg.pw/burning-umbrella
mail.lycostal.com,DOMAIN,,http://401trg.pw/burning-umbrella
mail.openncheckmail.com,DOMAIN,,http://401trg.pw/burning-umbrella
maozai huanjue,DOMAIN,,http://401trg.pw/burning-umbrella
mianbeiankj.com,DOMAIN,,http://401trg.pw/burning-umbrella
openmd5.com,DOMAIN,,http://401trg.pw/burning-umbrella
openncheckmail.com,DOMAIN,,http://401trg.pw/burning-umbrella
senvmeitu.com,DOMAIN,,http://401trg.pw/burning-umbrella
shijihulian.com,DOMAIN,,http://401trg.pw/burning-umbrella
shiyuesun.com,DOMAIN,,http://401trg.pw/burning-umbrella
tjglmy.com,DOMAIN,,http://401trg.pw/burning-umbrella
tqvps.com,DOMAIN,,http://401trg.pw/burning-umbrella
ttidc.net,DOMAIN,,http://401trg.pw/burning-umbrella
tyuweb.com,DOMAIN,,http://401trg.pw/burning-umbrella
user.xiangyunvps.com,DOMAIN,,http://401trg.pw/burning-umbrella
user.xiangyunvps.net,DOMAIN,,http://401trg.pw/burning-umbrella
vpsgys.com,DOMAIN,,http://401trg.pw/burning-umbrella
www.5tua.com,DOMAIN,,http://401trg.pw/burning-umbrella
www.chongzhonglaw.com,DOMAIN,,http://401trg.pw/burning-umbrella
www.duoxiantong.com,DOMAIN,,http://401trg.pw/burning-umbrella
www.find-iphone-idicloud.com,DOMAIN,,http://401trg.pw/burning-umbrella
www.find-iphone7-icloud.com,DOMAIN,,http://401trg.pw/burning-umbrella
www.kuaiwenwang.com,DOMAIN,,http://401trg.pw/burning-umbrella
www.laoa8.com,DOMAIN,,http://401trg.pw/burning-umbrella
www.tqvps.com,DOMAIN,,http://401trg.pw/burning-umbrella
www.ttidc.net,DOMAIN,,http://401trg.pw/burning-umbrella
www.xiangyunhulian.com,DOMAIN,,http://401trg.pw/burning-umbrella
www.xiangyunvps.com,DOMAIN,,http://401trg.pw/burning-umbrella
www.xiangyunvps.net,DOMAIN,,http://401trg.pw/burning-umbrella
www.xunsuhulian.com,DOMAIN,,http://401trg.pw/burning-umbrella
xgyun.vip,DOMAIN,,http://401trg.pw/burning-umbrella
xiangyunhulian.com,DOMAIN,,http://401trg.pw/burning-umbrella
xiangyunvps.net,DOMAIN,,http://401trg.pw/burning-umbrella
xunsuhulian.com,DOMAIN,,http://401trg.pw/burning-umbrella
huajue1019@qq.com,EMAIL,WHOIS,http://401trg.pw/burning-umbrella
huajue1019@vip.qq.com,EMAIL,WHOIS,http://401trg.pw/burning-umbrella
huanjue1019@qq.com,EMAIL,WHOIS,http://401trg.pw/burning-umbrella
rooterit@outlook.com,EMAIL,WHOIS,http://401trg.pw/burning-umbrella
3b58e122d9e17121416b146daab4db9d,FILE MD5,,http://401trg.pw/burning-umbrella
b6be3f0864354a2e68144d17c3884d3b,FILE MD5,,http://401trg.pw/burning-umbrella
d848d4ec24e678727b63251e54a0a5de,FILE MD5,,http://401trg.pw/burning-umbrella
103.82.52.111,IP,,http://401trg.pw/burning-umbrella
103.82.52.18,IP,,http://401trg.pw/burning-umbrella
118.184.85.135,IP,,http://401trg.pw/burning-umbrella
118.193.222.253,IP,,http://401trg.pw/burning-umbrella
205.209.149.144,IP,,http://401trg.pw/burning-umbrella
205.209.186.164,IP,,http://401trg.pw/burning-umbrella
